City,Lat,Lng,Max Temp,Humidity,Cloudiness,Wind Speed,Country,Date
Bluff,-46.6,168.3333,57.16,66,99,10.45,NZ,1643352719
Mataura,-46.1927,168.8643,63.77,48,100,3.47,NZ,1643352719
Arman',59.7,150.1667,5.22,78,100,16.26,RU,1643352719
Yanam,16.7333,82.2167,84.6,58,62,7.85,IN,1643352720
Hilo,19.7297,-155.09,71.33,85,20,4.61,US,1643352721
Puerto Ayora,-0.7393,-90.3518,73.65,80,80,6.8,EC,1643352721
Ulaanbaatar,47.9077,106.8832,5.13,51,0,2.24,MN,1643352719
Sheopur,25.6667,76.7,65.84,29,0,4.68,IN,1643352722
Beloha,-25.1667,45.05,86.43,41,0,7.4,MG,1643352724
Thompson,55.7435,-97.8558,-11.04,77,20,3.44,CA,1643352725
Qaanaaq,77.484,-69.3632,-9.08,60,33,11.92,GL,1643352726
Saint-Philippe,-21.3585,55.7679,85.55,81,71,7.18,RE,1643352727
Punta Arenas,-53.15,-70.9167,42.91,87,0,4.61,CL,1643352727
Hobart,-42.8794,147.3294,78.26,77,75,1.01,AU,1643352459
Hīt,33.6416,42.8251,49.08,53,0,6.58,IQ,1643352728
Barrow,71.2906,-156.7887,-18.38,69,0,9.22,US,1643352728
Krasnoturansk,54.3186,91.5639,0.39,94,96,0.78,RU,1643352728
Tasiilaq,65.6145,-37.6368,5.34,87,16,6.96,GL,1643352729
Morondava,-20.2833,44.2833,83.7,67,6,5.28,MG,1643352729
Diego de Almagro,-26.3667,-70.05,59.97,61,0,1.81,CL,1643352730
Vaini,-21.2,-175.2,81.84,82,100,16.22,TO,1643352730
Wawa,9.9022,4.4192,70.2,29,6,5.35,NG,1643352731
Bandarbeyla,9.4942,50.8122,78.06,58,100,21.85,SO,1643352731
Rikitea,-23.1203,-134.9692,78.31,75,100,18.84,PF,1643352733
Mahibadhoo,3.7833,72.9667,79.81,55,89,8.55,MV,1643352734
Atuona,-9.8,-139.0333,78.08,75,0,16.73,PF,1643352735
Hammerfest,70.6634,23.6821,28.13,93,75,0.0,NO,1643352735
Kapaa,22.0752,-159.319,71.58,70,0,1.01,US,1643352505
Ushuaia,-54.8,-68.3,46.33,93,94,3.94,AR,1643352736
Provideniya,64.3833,-173.3,-0.87,95,39,6.13,RU,1643352737
Seminole,28.7086,-81.2081,59.0,86,100,9.22,US,1643352738
Cayenne,4.9333,-52.3333,69.84,94,0,0.0,GF,1643352739
Carnarvon,-24.8667,113.6333,84.27,61,0,14.97,AU,1643352739
Jieshi,22.8134,115.8257,69.94,77,67,19.95,CN,1643352739
Kaka,37.3482,59.6143,45.5,81,100,3.96,TM,1643352740
Mar del Plata,-38.0023,-57.5575,57.87,82,0,3.0,AR,1643352740
Hermanus,-34.4187,19.2345,73.9,72,77,2.62,ZA,1643352581
East London,-33.0153,27.9116,74.34,68,75,16.11,ZA,1643352740
Vytegra,61.0064,36.4481,18.45,93,100,8.59,RU,1643352741
Saint-Joseph,-21.3667,55.6167,84.56,79,60,8.43,RE,1643352741
Kiryat Gat,31.61,34.7642,48.4,100,97,12.55,IL,1643352741
Cape Town,-33.9258,18.4232,74.12,65,20,12.66,ZA,1643352708
Tessalit,20.1986,1.0114,56.14,21,5,14.23,ML,1643352742
Coquimbo,-29.9533,-71.3436,62.55,85,7,4.5,CL,1643352742
Puerto Salgar,5.463,-74.6544,71.04,96,98,0.74,CO,1643352743
Cherskiy,68.75,161.3,-33.09,99,58,3.11,RU,1643352530
Port Elizabeth,-33.918,25.5701,74.1,83,40,16.11,ZA,1643352743
Busselton,-33.65,115.3333,92.08,33,0,13.0,AU,1643352743
Boussé,12.6606,-1.8922,65.77,22,0,11.1,BF,1643352744
Simao,22.7886,100.9748,65.8,49,100,1.83,CN,1643352744
Iki-Burul,45.8208,44.6472,17.94,79,95,14.23,RU,1643352745
Yellowknife,62.456,-114.3525,-0.58,89,100,6.91,CA,1643352745
Grindavik,63.8424,-22.4338,36.07,75,75,28.77,IS,1643352745
George Town,5.4112,100.3354,91.35,66,40,8.01,MY,1643352745
Castro,-24.7911,-50.0119,63.84,98,100,6.51,BR,1643352746
Morro Bay,35.3658,-120.8499,54.34,70,49,1.01,US,1643352746
Shelburne,44.0787,-80.2041,18.0,88,100,11.43,CA,1643352747
Souillac,-20.5167,57.5167,85.35,61,20,6.91,MU,1643352747
Chapada dos Guimarães,-15.4606,-55.7497,67.66,95,100,3.02,BR,1643352614
Cap Malheureux,-19.9842,57.6142,85.46,57,0,8.01,MU,1643352747
Ostrovnoy,68.0531,39.5131,12.88,94,99,8.97,RU,1643352748
Blackpool,53.8167,-3.05,42.66,91,100,9.26,GB,1643352748
Cidreira,-30.1811,-50.2056,70.83,68,100,11.54,BR,1643352748
Lompoc,34.6391,-120.4579,55.13,68,0,6.91,US,1643352749
Bagotville,-28.9833,153.4167,82.42,77,23,9.04,AU,1643352749
Muros,42.7762,-9.0603,46.24,76,0,8.1,ES,1643352749
Paralímni,35.0375,33.9833,48.42,70,81,1.99,CY,1643352750
Hithadhoo,-0.6,73.0833,81.48,64,100,12.33,MV,1643352750
Jalu,29.0331,21.5482,51.57,69,9,3.51,LY,1643352750
Norman Wells,65.282,-126.8329,-2.16,78,100,4.61,CA,1643352751
Turukhansk,65.8167,87.9833,2.14,87,100,15.86,RU,1643352751
Guerrero Negro,27.9769,-114.0611,62.73,46,100,6.22,MX,1643352559
Khatanga,71.9667,102.5,-1.79,88,100,8.7,RU,1643352751
Bengkulu,-3.8004,102.2655,85.32,65,64,8.43,ID,1643352467
Tura,25.5198,90.2201,66.63,29,2,4.5,IN,1643352752
Albany,42.6001,-73.9662,27.0,60,100,3.42,US,1643352752
Faya,18.3851,42.4509,57.31,56,4,3.53,SA,1643352753
Westport,41.1415,-73.3579,31.8,60,100,3.0,US,1643352753
Ambon City,-3.6954,128.1814,93.34,49,40,8.05,ID,1643352628
Kirakira,-10.4544,161.9205,80.06,86,94,7.78,SB,1643352753
Sirte,31.2089,16.5887,55.85,64,94,11.54,LY,1643352754
Kaseda-shirakame,31.4167,130.3167,58.23,57,96,14.88,JP,1643352754
Saskylakh,71.9167,114.0833,-1.37,90,21,9.6,RU,1643352461
Te Anau,-45.4167,167.7167,64.94,69,100,4.23,NZ,1643352606
Aklavik,68.2191,-135.0107,-17.57,94,100,1.79,CA,1643352755
Jūnāgarh,19.8667,82.9333,74.5,23,7,4.97,IN,1643352755
Kuusamo,65.9667,29.1833,15.84,92,100,1.14,FI,1643352755
Avarua,-21.2078,-159.775,80.65,89,40,10.36,CK,1643352756
Tuktoyaktuk,69.4541,-133.0374,-22.0,69,0,8.05,CA,1643352756
Tūkrah,32.5341,20.5791,56.89,60,55,14.36,LY,1643352757
Butaritari,3.0707,172.7902,82.11,79,30,19.1,KI,1643352757
Palana,59.1167,159.9667,29.61,68,100,22.93,RU,1643352757
Kajaani,64.2273,27.7285,23.05,93,100,6.91,FI,1643352758
Davidson,36.1501,-86.7833,39.49,39,100,4.61,US,1643352758
Port Alfred,-33.5906,26.891,74.05,63,86,18.19,ZA,1643352758
Nanortalik,60.1432,-45.2371,9.27,81,2,11.03,GL,1643352759
Upernavik,72.7868,-56.1549,-2.25,97,100,4.81,GL,1643352759
Dikson,73.5069,80.5464,4.98,92,100,23.49,RU,1643352759
Lødingen,68.414,15.9951,31.91,66,6,7.09,NO,1643352760
Arlit,18.7369,7.3853,57.94,27,4,7.63,NE,1643352760
Sisimiut,66.9395,-53.6735,9.91,70,100,27.09,GL,1643352761
Nānākuli,21.3906,-158.1547,75.15,72,40,3.44,US,1643352761
Tilichiki,60.4667,166.1,25.63,80,100,30.76,RU,1643352761
Havøysund,70.9963,24.6622,26.83,54,100,7.27,NO,1643352761
Taoudenni,22.6783,-3.9836,61.83,22,56,11.1,ML,1643352762
Kungurtug,50.5994,97.5228,-0.47,89,99,1.16,RU,1643352762
Saint Paul Harbor,57.79,-152.4072,33.31,80,100,19.57,US,1643352762
New Norfolk,-42.7826,147.0587,77.9,49,100,3.0,AU,1643352763
Mudgee,-32.5943,149.5871,84.78,58,80,9.22,AU,1643352763
Cockburn Town,21.4612,-71.1419,77.85,70,8,9.95,TC,1643352763
Adrar,20.5022,-10.0711,60.26,23,59,5.41,MR,1643352764
Tiksi,71.6872,128.8694,-5.44,92,100,7.31,RU,1643352764
Lavrentiya,65.5833,-171.0,-10.44,93,19,4.68,RU,1643352764
Sturgeon Bay,44.8342,-87.377,9.0,78,0,9.22,US,1643352765
Bull Savanna,17.8868,-77.5902,70.27,88,1,5.64,JM,1643352765
Jamestown,42.097,-79.2353,26.19,68,100,8.01,US,1643352109
San Jerónimo,-11.9472,-75.2829,48.6,90,100,1.07,PE,1643352765
Touros,-5.1989,-35.4608,76.1,78,100,3.56,BR,1643352710
Ahipara,-35.1667,173.1667,68.88,62,4,12.93,NZ,1643352766
Codrington,-38.2667,141.9667,69.57,72,0,13.27,AU,1643352766
Kuala Kedah,6.1,100.3,93.18,52,20,3.44,MY,1643352767
Berlevåg,70.8578,29.0864,22.95,93,75,5.75,NO,1643352767
Ballina,-28.8667,153.5667,82.58,70,75,11.5,AU,1643352767
Grand Gaube,-20.0064,57.6608,85.37,57,0,8.01,MU,1643352768
Ust-Nera,64.5667,143.2,-17.19,92,100,1.72,RU,1643352768
Kamenka,51.3223,42.7678,7.07,100,100,4.45,RU,1643352769
Ancud,-41.8697,-73.8203,56.73,89,0,0.85,CL,1643352769
Lebu,-37.6167,-73.65,58.12,95,15,2.66,CL,1643352769
Clyde River,70.4692,-68.5914,-19.97,76,40,13.8,CA,1643352770
Atherton,53.5237,-2.4935,42.37,94,100,3.44,GB,1643352770
Abu Kamal,34.4506,40.9171,46.8,54,0,5.95,SY,1643352770
Sola,-13.8833,167.55,81.27,83,100,0.0,VU,1643352771
Frederick,39.4668,-77.3997,33.31,68,100,0.0,US,1643352771
Hong Kong,22.2855,114.1577,70.97,84,100,15.01,HK,1643352771
Lüderitz,-26.6481,15.1594,69.8,60,0,26.89,NA,1643352772
Narsaq,60.9167,-46.05,1.17,74,18,6.42,GL,1643352772
Port Lincoln,-34.7333,135.8667,70.81,72,97,14.52,AU,1643352622
Phan Thiet,10.9333,108.1,85.28,51,100,11.03,VN,1643352773
Opuwo,-18.0607,13.84,75.83,49,92,5.68,NA,1643352774
Katsuura,35.1333,140.3,50.11,80,98,6.98,JP,1643352774
Constitución,-35.3333,-72.4167,58.64,90,59,4.56,CL,1643352775
San Vicente,-26.6167,-54.1333,65.03,84,75,5.14,AR,1643352775
Husavik,66.0449,-17.3389,37.31,76,100,21.32,IS,1643352776
Chui,-33.6971,-53.4616,66.02,72,100,5.01,UY,1643352777
La Ciotat,43.1748,5.6045,40.87,50,72,5.1,FR,1643352777
Salta,-24.7859,-65.4117,61.39,89,75,5.99,AR,1643352632
Scarborough,54.2797,-0.4044,40.91,85,100,6.96,GB,1643352779
Lincolnwood,42.0045,-87.7301,28.42,85,100,4.0,US,1643352779
Kaitangata,-46.2817,169.8464,61.93,73,100,5.86,NZ,1643352779
Nadym,65.5333,72.5167,7.52,95,95,9.98,RU,1643352662
Ribeira Grande,38.5167,-28.7,59.25,73,98,5.86,PT,1643352780
Safi,32.2994,-9.2372,57.47,67,34,8.77,MA,1643352780
Ola,59.5833,151.2833,15.35,78,100,17.0,RU,1643352780
Tabas,33.5959,56.9244,53.87,27,0,13.69,IR,1643352781
Pangkalanbuun,-2.6833,111.6167,84.61,74,100,3.94,ID,1643352781
Vestmannaeyjar,63.4427,-20.2734,39.56,97,100,23.96,IS,1643352782
Garango,11.8,-0.5506,66.38,21,7,10.02,BF,1643352782
Longyearbyen,78.2186,15.6401,12.04,79,75,11.5,SJ,1643352783
Shache,38.4167,77.2406,28.71,29,93,2.57,CN,1643352783
Tazovsky,67.4667,78.7,5.77,92,100,14.7,RU,1643352784
San Patricio,28.017,-97.5169,58.87,82,100,8.28,US,1643352784
Nikolskoye,59.7035,30.7861,29.88,96,100,6.26,RU,1643352784
Hamilton,39.1834,-84.5333,31.75,89,100,1.01,US,1643352698
Lagoa,39.05,-27.9833,58.24,71,20,15.55,PT,1643352785
Lourdes,43.1,-0.05,36.52,93,100,6.91,FR,1643352785
Bethel,41.3712,-73.414,30.04,65,100,1.01,US,1643352528
George,-33.963,22.4617,67.55,83,75,9.22,ZA,1643352786
Kainantu,-6.2887,145.8655,66.87,89,96,2.24,PG,1643352786
Orchard Homes,46.8633,-114.0484,18.28,89,19,3.0,US,1643352786
Vila Franca do Campo,37.7167,-25.4333,57.61,70,59,8.68,PT,1643352787
Shingū,33.7333,135.9833,52.79,50,6,10.96,JP,1643352788
Lorengau,-2.0226,147.2712,84.76,72,9,10.56,PG,1643352788
Vardø,70.3705,31.1107,24.78,93,100,4.61,NO,1643352788
Karwar,14.8,74.1333,87.51,44,30,4.23,IN,1643352789
Airai,-8.9266,125.4092,70.97,71,100,3.94,TL,1643352789
Coyhaique,-45.5752,-72.0662,58.95,63,0,5.75,CL,1643352789
Acaraú,-2.8856,-40.12,75.34,88,100,8.63,BR,1643352790
Tuatapere,-46.1333,167.6833,61.54,60,91,2.84,NZ,1643352790
Bredasdorp,-34.5322,20.0403,70.29,64,19,10.36,ZA,1643352790
Liwale,-9.7667,37.9333,73.17,90,100,2.98,TZ,1643352791
Lilongwe,-13.9669,33.7873,71.8,88,75,4.61,MW,1643352791
Ndélé,8.4109,20.6473,74.55,18,12,10.67,CF,1643352792
Dunedin,-45.8742,170.5036,60.8,76,100,10.0,NZ,1643352792
Calvià,39.5657,2.5062,43.09,63,0,4.9,ES,1643352794
Salalah,17.0151,54.0924,74.48,51,1,4.43,OM,1643352794
Arraial do Cabo,-22.9661,-42.0278,75.15,87,94,8.41,BR,1643352795
Kurovskoye,55.5783,38.9108,19.92,93,99,11.12,RU,1643352795
Artyom,40.4723,50.333,42.94,71,98,24.25,AZ,1643352795
Hasaki,35.7333,140.8333,50.29,45,78,4.38,JP,1643352796
Beringovskiy,63.05,179.3167,-1.17,93,100,1.83,RU,1643352796
Talnakh,69.4865,88.3972,6.21,91,100,15.93,RU,1643352665
Vuktyl,63.8567,57.3094,7.21,93,100,7.85,RU,1643352797
Mitha Tiwana,32.2486,72.1108,63.25,23,6,2.35,PK,1643352798
Umluj,25.0213,37.2685,63.84,27,100,13.09,SA,1643352798
Inuvik,68.3499,-133.7218,-17.54,76,75,2.3,CA,1643352799
Eureka,40.8021,-124.1637,42.19,70,0,5.75,US,1643352800
Saurimo,-9.6608,20.3916,69.75,82,100,6.38,AO,1643352801
Khāsh,28.2211,61.2158,61.43,24,0,14.56,IR,1643352802
Tautira,-17.7333,-149.15,80.62,77,17,19.44,PF,1643352803
Ilhabela,-23.7781,-45.3581,76.17,92,100,4.74,BR,1643352803
Fredonia,42.4401,-79.3317,28.42,89,100,6.91,US,1643352806
Imeni Babushkina,59.7573,43.1285,12.78,90,100,9.73,RU,1643352807
Goderich,43.7501,-81.7165,22.91,73,99,16.11,CA,1643352777
Abbeville,50.1,1.8333,40.5,91,98,3.4,FR,1643352807
Río Gallegos,-51.6226,-69.2181,48.25,76,0,4.61,AR,1643352808
Chokurdakh,70.6333,147.9167,-28.57,89,38,7.74,RU,1643352809
North Bend,43.4065,-124.2243,43.86,100,75,5.75,US,1643352677
Saldanha,-33.0117,17.9442,68.05,81,0,12.86,ZA,1643352810
Chapais,49.7834,-74.8492,-15.02,98,92,5.77,CA,1643352811
Puerto del Rosario,28.5004,-13.8627,62.35,77,20,12.66,ES,1643352812
Camaná,-16.6228,-72.7111,69.89,77,100,5.99,PE,1643352812
Bud,39.447,-86.1758,30.9,84,100,4.7,US,1643352813
Kruisfontein,-34.0033,24.7314,71.89,53,0,18.95,ZA,1643352813
Alta Floresta,-9.8756,-56.0861,67.95,98,100,2.19,BR,1643352814
Ati,13.2154,18.3353,63.16,23,53,16.55,TD,1643352815
Sibu,2.3,111.8167,88.11,70,40,3.0,MY,1643352816
São Luiz Gonzaga,-28.4083,-54.9608,64.31,72,6,12.3,BR,1643352670
Olinda,-8.0089,-34.8553,76.73,88,75,2.3,BR,1643352818
Sumkino,58.1108,68.3244,8.65,91,43,7.11,RU,1643352818
Ust'-Uda,54.1742,103.0304,4.15,92,100,1.7,RU,1643352819
Aasiaat,68.7098,-52.8699,-0.06,84,100,17.13,GL,1643352820
Hollins,37.3413,-79.9431,33.96,78,100,0.0,US,1643352822
Rome,43.2128,-75.4557,28.38,67,100,1.01,US,1643352822
Wilmington,34.2257,-77.9447,32.92,68,100,5.57,US,1643352824
Yar-Sale,66.8333,70.8333,3.42,97,100,3.51,RU,1643352824
Paka,4.6374,103.4368,87.73,55,20,9.22,MY,1643352824
San Quintín,30.4833,-115.95,57.9,66,93,2.91,MX,1643352825
Pangody,65.85,74.4859,5.9,95,100,10.98,RU,1643352825
Bahía Blanca,-38.7196,-62.2724,64.58,55,0,9.89,AR,1643352826
Guliston,40.4897,68.7842,45.1,20,100,18.92,UZ,1643352827
Pevek,69.7008,170.3133,-24.39,99,19,0.69,RU,1643352828
Fortuna,40.5982,-124.1573,41.92,100,0,10.36,US,1643352828
Sitka,57.0531,-135.33,42.69,75,100,19.57,US,1643352611
Sørland,67.667,12.6934,33.66,76,100,21.65,NO,1643352829
West Wendover,40.7391,-114.0733,15.01,62,0,3.44,US,1643352830
Soyo,-6.1349,12.3689,77.05,81,100,1.74,AO,1643352830
Malaṅgawā,26.8568,85.5581,67.84,44,8,9.24,NP,1643352830
Caravelas,-17.7125,-39.2481,73.4,95,1,4.09,BR,1643352831
Ochakiv,46.6128,31.5498,33.98,82,100,16.84,UA,1643352831
Banda Aceh,5.5577,95.3222,86.18,66,52,9.28,ID,1643352831
Calama,-22.4667,-68.9333,54.5,40,49,4.85,CL,1643352832
Tonantins,-2.8731,-67.8022,72.55,99,100,2.51,BR,1643352833
Muğla Province,37.2303,28.3557,29.07,57,1,4.09,TR,1643352833
Nuuk,64.1835,-51.7216,14.88,56,100,11.99,GL,1643352833
Lom Sak,16.7798,101.2422,99.09,27,20,4.61,TH,1643352834
Ayagoz,47.9714,80.4392,6.89,86,31,7.0,KZ,1643352834
Marsá Maţrūḩ,31.3525,27.2453,50.2,66,75,11.5,EG,1643352835
Zheleznodorozhnyy,55.7503,38.0042,21.22,94,100,11.56,RU,1643352835
Port Keats,-14.25,129.55,81.79,84,100,15.84,AU,1643352837
Pisco,-13.7,-76.2167,66.25,77,0,3.44,PE,1643352837
Petropavlovsk-Kamchatskiy,53.0452,158.6483,19.99,68,75,4.47,RU,1643352837
Port Blair,11.6667,92.75,87.84,62,75,5.75,IN,1643352838
Nome,64.5011,-165.4064,-8.9,73,0,5.91,US,1643352840
Bambous Virieux,-20.3428,57.7575,85.21,61,20,6.91,MU,1643352841
Yangi Marg`ilon,40.4272,71.7189,38.12,41,100,2.3,UZ,1643352694
Marfino,55.7028,37.3822,20.95,85,75,13.42,RU,1643352843
Tvøroyri,61.5556,-6.8111,43.99,90,100,35.99,FO,1643352844
Vila do Maio,15.1333,-23.2167,68.79,73,100,18.28,CV,1643352847
Podgorica,42.4411,19.2636,43.52,80,40,4.61,ME,1643352847
Jishu,44.3167,126.8,12.63,78,88,10.38,CN,1643352848
Tiznit Province,29.5833,-9.5,51.76,45,0,13.29,MA,1643352849
Mukhen,48.1,136.1,5.22,93,100,8.72,RU,1643352849
Wenzhou,27.9994,120.6668,49.21,74,100,3.58,CN,1643352850
Nhulunbuy,-12.2333,136.7667,81.21,83,75,14.97,AU,1643352850
Huai Thalaeng,14.997,102.6475,96.87,26,6,0.65,TH,1643352851
Archidona,37.0965,-4.3887,47.23,72,12,5.59,ES,1643352852
Zhezkazgan,47.8043,67.7144,10.38,72,0,13.42,KZ,1643352852
Churapcha,62.0025,132.4325,-31.43,99,7,3.13,RU,1643352853
Bambanglipuro,-7.95,110.2833,84.11,71,90,11.45,ID,1643352853
Walvis Bay,-22.9575,14.5053,65.08,88,42,3.44,NA,1643352854
Kununurra,-15.7667,128.7333,91.38,66,75,12.66,AU,1643352855
Kropyvnytskyi,48.5132,32.2597,29.91,86,97,11.81,UA,1643352855
Den Helder,52.9599,4.7593,44.58,77,40,10.0,NL,1643352856
Suez,29.9737,32.5263,51.08,61,14,2.37,EG,1643352856
Taft,31.7471,54.2088,37.35,60,0,9.22,IR,1643352856
Auki,-8.7676,160.7034,79.41,85,100,4.0,SB,1643352857
Shubarshi,48.5872,57.1869,20.77,88,100,9.8,KZ,1643352857
Half Moon Bay,37.4636,-122.4286,57.09,55,0,0.0,US,1643352857
Manicoré,-5.8092,-61.3003,72.23,99,98,2.55,BR,1643352858
Kroya,-7.6331,109.2461,85.19,78,100,8.79,ID,1643352858
Aksu,41.1231,80.2644,32.04,36,0,0.74,CN,1643352859
Camaçari,-12.6975,-38.3242,76.77,93,37,1.92,BR,1643352859
Ugoofaaru,5.6667,73.0,79.88,64,100,13.85,MV,1643352859
Skibotn,69.3913,20.2679,28.49,96,75,8.93,NO,1643352859
Prince Rupert,54.3161,-130.3201,48.29,49,100,16.11,CA,1643352750
Laguna,38.421,-121.4238,52.41,85,0,2.71,US,1643352860
Toledo,39.8333,-4.0,38.52,47,5,5.79,ES,1643352860
Port-Gentil,-0.7193,8.7815,79.75,80,92,2.53,GA,1643352860
Sangar,63.9242,127.4739,-24.07,99,92,3.29,RU,1643352861
São Félix do Xingu,-6.6447,-51.995,70.11,100,100,0.51,BR,1643352861
Itamaracá,-7.7478,-34.8256,77.05,84,83,2.62,BR,1643352862
Matara,5.9485,80.5353,86.07,54,30,6.35,LK,1643352862
Pontal do Paraná,-25.6533,-48.5128,74.86,95,100,10.87,BR,1643352734
Kaeo,-35.1,173.7833,69.33,73,8,13.27,NZ,1643352863
Sur,22.5667,59.5289,75.22,36,0,4.07,OM,1643352863
Węgrów,52.3995,22.0163,38.64,97,100,20.83,PL,1643352863
Birao,10.2849,22.7882,68.13,18,79,14.88,CF,1643352864
Harper,4.375,-7.7169,77.52,85,25,6.22,LR,1643352864
Olafsvik,64.8945,-23.7142,34.52,62,76,34.49,IS,1643352864
Torbay,47.6666,-52.7314,13.75,85,20,9.22,CA,1643352865
Tondano,1.3038,124.9112,78.89,82,100,2.3,ID,1643352865
Sindang,-7.0047,108.335,80.1,73,93,2.44,ID,1643352866
Villa María,-32.4075,-63.2402,54.82,88,62,3.33,AR,1643352866
College,64.8569,-147.8028,-6.41,75,100,0.0,US,1643352866
Yeppoon,-23.1333,150.7333,85.78,65,41,15.28,AU,1643352867
Mount Isa,-20.7333,139.5,74.97,100,75,9.22,AU,1643352867
Karoi,-16.8099,29.6925,64.99,98,100,9.08,ZW,1643352867
Kabansk,52.0486,106.6528,-7.11,89,71,2.86,RU,1643352868
Esim,4.8699,-2.2405,77.25,85,29,3.36,GH,1643352869
Henties Bay,-22.116,14.2845,64.85,83,100,10.2,NA,1643352869
São Filipe,14.8961,-24.4956,71.06,72,92,11.05,CV,1643352870
Lázaro Cárdenas,17.9583,-102.2,72.68,86,4,3.38,MX,1643352870
Port Macquarie,-31.4333,152.9167,80.56,67,0,11.18,AU,1643352870
Mossamedes,-15.1961,12.1522,74.21,81,100,4.81,AO,1643352871
Adilabad,19.6667,78.5333,73.06,23,2,7.47,IN,1643352871
Mandurah,-32.55,115.7,95.14,50,0,20.42,AU,1643352871
Iracoubo,5.4802,-53.2011,75.56,82,63,6.87,GF,1643352872
Dalby,-27.1833,151.2667,84.9,56,100,19.1,AU,1643352872
Alcañiz,41.05,-0.1333,46.08,60,0,5.17,ES,1643352872
Igra,57.5558,53.0547,4.78,96,99,5.99,RU,1643352873
Adana Province,36.985,35.2881,41.52,42,0,9.22,TR,1643352873
Aljezur,37.3191,-8.8033,49.78,71,4,6.71,PT,1643352874
Fort Frances,48.5999,-93.4003,-18.83,80,97,4.59,CA,1643352874
Napanee,44.2501,-76.9494,27.86,91,100,8.41,CA,1643352676
Mahébourg,-20.4081,57.7,85.24,61,20,6.91,MU,1643352874
Kavieng,-2.5744,150.7967,84.74,70,79,9.42,PG,1643352875
Surgut,61.25,73.4167,3.38,84,20,8.99,RU,1643352875
San Martín de las Pirámides,19.7,-98.8333,60.37,65,0,2.86,MX,1643352875
Sucilá,21.15,-88.3167,70.12,91,84,4.41,MX,1643352876
Sept-Îles,50.2001,-66.3821,16.23,88,100,4.61,CA,1643352604
Tsimmerbude,54.675,20.1347,39.25,85,100,28.72,RU,1643352876
Waddān,29.1614,16.139,45.68,55,0,1.3,LY,1643352877
Kosonsoy,41.2561,71.5508,32.56,17,100,2.89,UZ,1643352877
Cut-cut Primero,15.4667,120.6667,91.17,49,98,7.29,PH,1643352877
Puerto Quijarro,-17.7833,-57.7667,73.26,97,100,0.11,BO,1643352878
Palmer,42.1584,-72.3287,26.02,63,100,1.99,US,1643352878
Namatanai,-3.6667,152.4333,83.3,74,34,6.33,PG,1643352772
Phonhong,18.5007,102.4166,85.82,34,99,1.79,LA,1643352878
Xingyi,24.1877,102.817,62.51,41,21,18.07,CN,1643352879
Hede,33.7681,120.2517,39.7,52,100,11.3,CN,1643352879
Troitskoye,52.9821,84.6757,12.45,91,81,4.5,RU,1643352879
Doha,25.2867,51.5333,67.98,55,1,21.85,QA,1643352880
Tayum,17.6172,120.6542,83.55,66,100,5.37,PH,1643352880
Heerhugowaard,52.6714,4.8486,44.1,75,16,1.99,NL,1643352881
Antipolo City,14.5864,121.1753,90.99,64,40,8.05,PH,1643352881
Kaoma,-14.7833,24.8,64.56,98,100,8.79,ZM,1643352881
Zhigansk,66.7697,123.3711,-31.92,100,19,2.15,RU,1643352882
Gambiran,-6.7988,111.4951,83.41,73,98,8.3,ID,1643352882
Dingle,10.9995,122.6711,86.34,65,100,7.09,PH,1643352882
Ouahigouya,13.5828,-2.4216,63.57,22,0,11.32,BF,1643352883
Yulara,-25.2406,130.9889,76.84,73,75,20.71,AU,1643352883
Nova Olinda do Norte,-3.8881,-59.0942,71.76,99,86,2.33,BR,1643352883
Okha,53.5739,142.9478,-8.32,90,70,12.06,RU,1643352884
Tegul'det,57.3064,88.1667,7.86,87,98,6.69,RU,1643352884
Nanchang,28.6833,115.8833,39.04,91,100,10.13,CN,1643352885
Kiunga,-6.1219,141.2906,92.77,48,61,3.69,PG,1643352885
Manokwari,-0.8667,134.0833,82.54,75,92,4.7,ID,1643352886
Faanui,-16.4833,-151.75,81.01,76,4,17.49,PF,1643352887
Sandwick,60.0,-1.25,44.42,87,75,18.41,GB,1643352887
Kavaratti,10.5669,72.642,79.05,75,94,8.21,IN,1643352888
Dwārka,22.2394,68.9678,71.44,36,0,15.19,IN,1643352888
Tiébissou,7.1574,-5.2257,73.65,90,34,2.1,CI,1643352888
Letka,59.6011,49.4232,5.09,95,100,6.82,RU,1643352889
Laurel,39.0993,-76.8483,33.6,64,100,0.0,US,1643352889
Alim,9.5649,122.4876,84.45,72,92,6.98,PH,1643352889
Tikhvin,59.6451,33.5294,22.21,94,100,7.92,RU,1643352889
Coffs Harbour,-30.3,153.1333,80.87,74,15,11.5,AU,1643352891
Fort Nelson,58.8053,-122.7002,20.79,93,100,3.44,CA,1643352625
Vanimo,-2.6741,141.3028,82.44,81,86,7.45,PG,1643352892
Samarai,-10.6167,150.6667,82.47,77,100,6.44,PG,1643352894
Dengzhou,37.8086,120.7508,32.63,44,91,16.2,CN,1643352895
Ust'-Kulom,61.6864,53.6902,2.44,97,100,4.32,RU,1643352895
Bétaré Oya,5.6,14.0833,72.12,25,70,7.02,CM,1643352896
Nemuro,43.3236,145.575,23.43,64,12,1.34,JP,1643352896
Catuday,16.2923,119.8062,82.11,70,100,7.14,PH,1643352625
Flin Flon,54.7682,-101.865,-9.99,100,12,4.83,CA,1643352897
Riyadh,24.6877,46.7219,51.94,25,100,16.11,SA,1643352897
Bilibino,68.0546,166.4372,-11.74,97,100,3.83,RU,1643352897
Saint George,37.1041,-113.5841,45.07,41,0,1.01,US,1643352647
La Romana,18.4273,-68.9728,71.33,91,0,7.02,DO,1643352898
Laas,46.6166,10.7002,40.08,94,64,8.59,IT,1643352899
Comodoro Rivadavia,-45.8667,-67.5,62.46,82,0,4.61,AR,1643352899
Meulaboh,4.1363,96.1285,86.07,65,38,7.05,ID,1643352859
Batagay,67.6333,134.6333,-35.1,95,16,3.65,RU,1643352900
Bad Freienwalde,52.7873,14.0304,43.36,74,24,11.99,DE,1643352901
Dali,25.7,100.1833,48.42,74,60,7.36,CN,1643352902
Buraidah,26.326,43.975,48.65,36,10,10.2,SA,1643352905
Ossora,59.2353,163.0719,31.05,95,100,29.84,RU,1643352907
Monte Patria,-30.6919,-70.9467,66.16,71,0,1.74,CL,1643352907
Skjervøy,70.0311,20.9714,28.58,68,98,5.39,NO,1643352909
Ponta do Sol,32.6667,-17.1,57.7,75,78,3.85,PT,1643352909
Verkhnevilyuysk,63.4453,120.3167,-3.69,93,36,7.05,RU,1643352910
Ekimchan,53.0667,132.9667,-7.11,91,100,2.84,RU,1643352912
La Asuncion,11.0333,-63.8628,64.13,100,100,8.05,VE,1643352912
Tevaitoa,-16.7833,-151.5,81.19,75,7,18.52,PF,1643352913
Sheltozero,61.3667,35.3667,18.99,95,100,7.43,RU,1643352913
Bahía Honda,22.9036,-83.1592,71.46,86,84,6.35,CU,1643352913
Butka,56.7179,63.7866,10.87,88,62,5.5,RU,1643352914
Isangel,-19.55,169.2667,78.73,86,100,5.75,VU,1643352915
Sedlčany,49.6606,14.4266,39.58,87,48,18.3,CZ,1643352915
Yarmouth,41.7057,-70.2286,35.98,73,100,7.0,US,1643352917
St. George's,12.0564,-61.7485,74.88,88,75,11.5,GD,1643352918
Palu,-0.8917,119.8707,83.75,78,100,2.68,ID,1643352919
Kieta,-6.2167,155.6333,81.23,78,100,0.76,PG,1643352920
Ilulissat,69.2167,-51.1,-0.89,70,100,9.35,GL,1643352921
Hambantota,6.1241,81.1185,88.14,62,20,9.22,LK,1643352921
Bathsheba,13.2167,-59.5167,72.21,88,20,6.91,BB,1643352921
High Prairie,55.4334,-116.4858,27.7,94,100,3.18,CA,1643352922
Mercedes,-34.6515,-59.4307,59.85,88,0,2.89,AR,1643352922
Banjar,-8.19,114.9675,85.91,82,100,2.08,ID,1643352923
Alofi,-19.0595,-169.9187,82.29,78,10,5.75,NU,1643352923
Bereket,39.2446,55.5154,43.81,75,98,20.6,TM,1643352924
Kermanshah,34.3142,47.065,36.5,38,75,0.0,IR,1643352925
Leningradskiy,69.3833,178.4167,-14.78,97,69,3.36,RU,1643352926
São Domingos do Maranhão,-5.5758,-44.3853,70.03,99,100,2.35,BR,1643352926
Muravlenko,63.7898,74.523,7.88,94,100,13.56,RU,1643352926
George Town,5.4112,100.3354,91.35,66,40,8.01,MY,1643352903
Puerto Limón,10.0,-83.0333,73.44,78,75,4.03,CR,1643352927
Chuguyevka,44.1653,133.8633,11.64,89,100,7.74,RU,1643352928
Ledyard Center,41.4398,-72.0142,32.9,58,100,13.8,US,1643352864
Phalaborwa,-23.943,31.1411,79.88,67,48,6.02,ZA,1643352929
Nantucket,41.2835,-70.0995,35.71,74,100,16.87,US,1643352839
Klichka,50.4457,117.996,2.23,87,2,3.67,RU,1643352931
Piranhas,-16.4269,-51.8222,69.35,98,100,2.35,BR,1643352931
Alice Springs,-23.7,133.8833,94.55,36,40,20.71,AU,1643352932
Olden,61.8364,6.8064,35.01,98,100,7.78,NO,1643352933
Prokhorovka,51.0374,36.7325,20.77,95,100,12.62,RU,1643352935
Drayton Valley,53.2168,-114.9854,19.9,82,17,6.76,CA,1643352935
Bubaque,11.2833,-15.8333,76.33,61,1,10.51,GW,1643352936
Hurghada,27.2574,33.8129,53.64,37,40,14.97,EG,1643352937
Samaná,19.2056,-69.3369,71.65,89,7,2.75,DO,1643352937
Broome,42.2506,-75.833,25.57,94,100,3.36,US,1643352938
Durango,24.8333,-104.8333,49.17,35,4,5.75,MX,1643352677
Shangqiu,34.45,115.65,38.44,51,100,0.83,CN,1643352938
Keetmanshoop,-26.5833,18.1333,72.52,37,0,5.75,NA,1643352938
Sompeta,18.9333,84.6,75.79,43,9,7.4,IN,1643352939
Līsakovsk,52.5369,62.4936,13.91,93,100,4.83,KZ,1643352939
Kourou,5.1552,-52.6478,69.85,90,52,4.63,GF,1643352940
Erenhot,43.6475,111.9767,15.01,67,0,3.33,CN,1643352940
Swan River,52.1058,-101.2676,8.49,85,34,6.91,CA,1643352942
Russell,32.3502,-85.1999,39.96,84,20,0.0,US,1643352942
Moramanga,-18.9333,48.2,74.39,58,32,4.14,MG,1643352857
Moen,69.1304,18.6123,28.47,93,75,3.44,NO,1643352943
Sovetskiy,61.3614,63.5842,5.41,91,48,3.51,RU,1643352944
Balkhash,46.844,74.9804,7.41,78,0,17.9,KZ,1643352944
Vaitape,-16.5167,-151.75,81.05,76,4,17.43,PF,1643352944
Hualmay,-11.0964,-77.6139,69.08,88,100,5.77,PE,1643352945
Maniitsoq,65.4167,-52.9,11.01,74,100,24.29,GL,1643352945
Mumford,5.2618,-0.759,77.88,82,100,2.8,GH,1643352945
Travnik,44.2267,17.6706,17.31,85,4,2.21,BA,1643352946
Miraflores,19.2167,-98.8083,60.03,77,0,2.24,MX,1643352947
Inverness,57.4791,-4.224,43.79,83,20,4.0,GB,1643352947
Fukuechō,32.6881,128.8419,52.16,50,75,11.5,JP,1643352948
Grand Forks,47.9417,-97.4337,-5.87,77,20,10.36,US,1643352948
Bintulu,3.1667,113.0333,88.21,66,20,2.3,MY,1643352949
Kuliyapitiya,7.4688,80.0401,87.48,45,97,7.14,LK,1643352949
Grand Falls,47.0461,-67.7418,11.07,95,100,8.88,CA,1643352950
Havre-St-Pierre,50.2334,-63.5986,17.6,73,100,12.66,CA,1643352950
Mezen',65.8522,44.24,5.97,96,100,6.35,RU,1643352951
Saint-Pierre,-21.3393,55.4781,85.64,69,20,18.41,RE,1643352951
Tirumullaivāsal,11.2333,79.8333,82.65,60,69,15.3,IN,1643352954
Malakal,9.5334,31.6605,74.82,18,7,13.71,SS,1643352954
Shīeli,44.1667,66.75,36.86,68,100,6.26,KZ,1643352955
Massillon,40.7967,-81.5215,27.12,97,100,4.09,US,1643352955
Itarema,-2.9248,-39.9167,74.62,90,100,8.23,BR,1643352956
Zhytomyr,50.2649,28.6767,33.17,90,95,15.46,UA,1643352957
Rawlins,41.7911,-107.2387,21.42,80,8,15.68,US,1643352858
Amambai,-23.1042,-55.2258,70.11,97,100,0.76,BR,1643352957
Padang,-0.9492,100.3543,86.31,68,86,6.2,ID,1643352959
Porto Velho,-8.7619,-63.9039,75.25,94,0,0.0,BR,1643352859
Wembley,-31.9333,115.8,95.2,28,0,11.5,AU,1643352960
Shangrao,28.4532,117.9686,42.24,89,100,6.55,CN,1643352960
Houma,29.5958,-90.7195,48.0,67,100,1.99,US,1643352962
Muzhi,65.3667,64.6667,-0.9,94,42,6.38,RU,1643352963
Pāonta Sāhib,30.45,77.6167,61.34,39,0,4.29,IN,1643352963
Zunyi,27.6867,106.9072,36.45,89,100,3.42,CN,1643352964
Vao,-22.6667,167.4833,77.97,83,100,17.72,NC,1643352964
Naze,28.3667,129.4833,58.12,77,100,12.46,JP,1643352965
Ixtapa,20.7,-105.2,68.23,94,10,2.82,MX,1643352966
Saint-Leu,-21.15,55.2833,85.03,75,30,9.1,RE,1643352967
Sechura,-5.5569,-80.8222,72.1,80,100,9.01,PE,1643352967
Palapye,-22.546,27.1251,72.64,76,100,15.99,BW,1643352967
Savannah Bight,16.45,-85.85,77.0,72,1,12.57,HN,1643352969
Daru,-9.0763,143.2092,84.58,74,99,12.26,PG,1643352969
Mugur-Aksy,50.35,90.5,1.35,74,9,0.69,RU,1643352970
Bilma,18.6853,12.9164,53.2,22,0,6.76,NE,1643352970
Ōhara,35.25,140.3833,49.95,74,98,5.7,JP,1643352970
Yishui,35.7847,118.6281,37.56,24,100,6.93,CN,1643352971
Richards Bay,-28.783,32.0377,83.77,67,3,5.57,ZA,1643352972
Vostok,46.4856,135.8833,2.7,93,100,8.25,RU,1643352972
Kamaishi,39.2667,141.8833,36.55,63,56,11.43,JP,1643352973
Kemijärvi,66.7131,27.4306,4.96,99,100,1.19,FI,1643352974
Khovd,48.0056,91.6419,1.72,79,15,3.44,MN,1643352974
Takoradze,4.8845,-1.7554,77.72,84,92,2.8,GH,1643352975
City of Passi,11.15,122.65,86.25,65,100,6.35,PH,1643352975
Kilemary,56.7783,46.8659,7.25,94,96,6.24,RU,1643352976
Rocha,-34.4833,-54.3333,63.93,68,100,3.69,UY,1643352976
Palmas,-10.2128,-48.3603,73.27,94,75,4.61,BR,1643352976
Cam Ranh,11.9214,109.1591,84.16,61,40,14.97,VN,1643352977
Kahului,20.8947,-156.47,66.97,87,25,7.36,US,1643352977
Angarsk,52.5367,103.8864,7.52,87,92,2.95,RU,1643352978
Bulgan,48.8125,103.5347,4.48,80,31,2.62,MN,1643352979
Hanyang,32.1371,105.5126,45.61,41,100,15.05,CN,1643352979
Anadyr,64.75,177.4833,12.7,79,0,2.24,RU,1643352979
Inhambane,-23.865,35.3833,84.18,74,40,8.99,MZ,1643352980
Shubarkuduk,49.1447,56.4872,20.37,88,100,10.36,KZ,1643352980
Novopokrovka,49.8425,36.5477,23.38,95,100,10.83,UA,1643352981
Lodwar,3.1191,35.5973,86.47,31,6,3.36,KE,1643352981
Hay River,60.8156,-115.7999,10.38,85,75,8.05,CA,1643352981
Vanavara,60.34,102.2797,-0.98,91,97,3.98,RU,1643352984
Vila Velha,-20.3297,-40.2925,76.95,87,20,5.99,BR,1643352984
Rio Grande,-32.035,-52.0986,62.94,62,100,9.42,BR,1643352985
Verāval,20.9,70.3667,76.89,30,0,7.54,IN,1643352985
Tekeli,44.83,78.8239,29.59,65,0,2.98,KZ,1643352985
The Valley,18.217,-63.0578,76.82,77,5,14.54,AI,1643352987
Alugan,12.2188,125.4808,81.84,79,86,8.32,PH,1643352987
Jining,35.405,116.5814,41.16,34,100,1.83,CN,1643352989
Esso,55.9333,158.7,24.4,94,100,6.11,RU,1643352989
Aitape,-3.1374,142.3475,81.43,84,100,5.61,PG,1643352990
Micheweni,-4.9667,39.8333,80.92,71,100,8.75,TZ,1643352990
Naberera,-4.2,36.9333,72.07,58,100,3.69,TZ,1643352991
Merauke,-8.4667,140.3333,84.9,67,93,9.24,ID,1643352991
West Bay,19.3667,-81.4167,82.08,89,100,1.99,KY,1643352921
Sokolo,14.7328,-6.1219,66.81,18,0,10.0,ML,1643352994
Mahabalipuram,12.6264,80.1722,86.05,62,94,15.46,IN,1643352994
Verkhoyansk,67.5447,133.385,-34.01,99,41,1.83,RU,1643352995
Santa Rosa,14.3122,121.1114,93.11,69,87,11.72,PH,1643352995
Coruripe,-10.1256,-36.1756,76.57,86,100,4.38,BR,1643352996
Kalianget,-7.05,113.9333,83.12,75,99,9.73,ID,1643352997
Moscow,55.7522,37.6156,21.24,85,100,11.61,RU,1643352981
Dutlwe,-23.9833,23.9,74.39,62,94,14.83,BW,1643352997
Arica,-18.475,-70.3042,68.43,82,100,3.44,CL,1643352998
Horasan,40.0458,42.1728,7.16,94,89,1.41,TR,1643352999
Cap-aux-Meules,47.3821,-61.8597,17.62,73,100,13.8,CA,1643352999
Avera,33.194,-82.5271,36.91,53,100,4.16,US,1643352999
Ambilobe,-13.2,49.05,76.77,87,95,2.17,MG,1643353000
Khani,41.9563,42.9566,24.37,94,99,2.77,GE,1643353000
Devarkonda,16.7,78.9333,77.07,25,0,9.15,IN,1643353000
Tigil',57.8,158.6667,20.1,93,100,6.46,RU,1643353001
Emerald,-23.5333,148.1667,93.34,33,40,10.36,AU,1643353002
Idlib,35.9306,36.6339,39.65,76,76,3.71,SY,1643353002
Rognan,67.0953,15.3878,32.14,89,73,3.6,NO,1643353002
Pilar,-9.5972,-35.9567,75.13,93,100,3.27,BR,1643353003
Sesheke,-17.4759,24.2968,70.72,89,98,5.99,ZM,1643353003
Puebla,18.8333,-98.0,56.35,74,0,5.7,MX,1643352751
Moerai,-22.4333,-151.3333,79.5,80,40,14.58,PF,1643353003
Cabo San Lucas,22.8909,-109.9124,68.5,73,0,3.89,MX,1643352967
Yambio,4.5721,28.3955,79.74,21,100,10.18,SS,1643353004
Kindu,-2.95,25.95,73.53,89,100,2.33,CD,1643353004
Mount Gambier,-37.8333,140.7667,76.91,47,75,19.57,AU,1643353004
Thunder Bay,48.4001,-89.3168,-5.89,77,75,5.75,CA,1643353005
Valparaíso,-33.0393,-71.6273,62.24,77,100,3.44,CL,1643353005
Klaksvík,62.2266,-6.589,43.72,88,100,33.96,FO,1643353005
Severo-Kuril'sk,50.6789,156.125,24.3,71,100,35.86,RU,1643352770
Chuchar-kana Mandi,31.75,73.8,60.91,28,4,5.1,PK,1643353006
Kibala,9.1104,18.3463,64.35,45,0,2.3,TD,1643353006
Seoul,37.5683,126.9778,38.59,31,0,10.36,KR,1643352750
Dalvik,65.9702,-18.5286,37.33,94,100,10.98,IS,1643353007
